sepal_length,sepal_width,petal_length,petal_width,species
gAAAAABqhp8-HFRNv8EANA76Cn-sPfiEhWyLyaXafLn9QKlF0RP-mmsT1acp7cgHzcsPdNcttssvClRBFyBxl_Z1zyqd_NnfRA==,gAAAAABqhp8-Upa3fXh1BxHV-YvGLO95CwtlHIQkLjFZ8Me6F27uMGPdpmbvBm40M3ZdcZj5ne3HVcUKD8cT8TTT-u15RfRJvg==,gAAAAABqhp8-nksZIxevd-SvDL_hUpmqxs1ZR_L_SWVmzpnva_bhNOxXGkJbn_c-xzoi62HDDrLLR6xtWmpUnyyxkc53AzeZHg==,gAAAAABqhp8-EdUmWgJ8wywW5wkfXWeBZKDavOjEj4BYtE0T04bDEXp3tKU83meP6PA-Zo8A5OTcZ7UK6zx6PYd8hYf2ci7W0Q==,gAAAAABqhp8-fccn1Grve-18Ehm1lX4oTQc0eGX_s0dWuEQDBjRlzThSYQ55_WHwzsqeeGnYoQ-q6UwiSOost1nRh3ibA6cmxQ==
gAAAAABqhp8--Cmv_f2zNU3iN3okyL8AJJZPl161NJXEWqLpRALTUo95RoICuhrEtOTvbudduc3uDuS2fv3m_i8y9dDoi3yYvQ==,gAAAAABqhp8-b3jSjkh_VMJUNIKDyWAgu79hzZowTXm2kVMjfsEIqStZTiVCjhPY-QkUPCPupGABQe1Epp81y6jH1xjHgyIKtw==,gAAAAABqhp8-_Y9lEyKssl89XpDxZpnKHvow_ICfsRRwBU5xHtY3TaxJw9uFb6JTk_acIbrmFrxxC-gTwS4VaJkRnjRGaoW18g==,gAAAAABqhp8-b07rWh1AS06FPUyiaaxF5Dp3E4vlz3jUpD5L5JGE8nDXsu6fm83YvckalRg95UIhwUMpVYFRu2koRf_f5A2rPw==,gAAAAABqhp8-OEFS6H7rx_Q6R5sJNMdMWjytb4B1KzPTPwA4yKKhbP6aKPonTp4FdHbc22ZS8faW9HBqmKaBdo_tKcA0Qk-CLw==
gAAAAABqhp8--3TPWB4j66MUvoujY3nsB5c49QSoriT5ep63bSlAgxEEY6iBxT2YM7_Rt-pBYfIFWHIfZryQ6WdfFRCiK_b3KQ==,gAAAAABqhp8-iUAhEqe6OuEe-YQnq3Z9MlS-gOidSWGH2wMmZDpQlytOjro7vp6nFCLDjUVvJCw83Y5qYn1PqsdPNT5naFb39Q==,gAAAAABqhp8-dZCQvU5ATXNr29dV0xbFx0xeFj4cY-GJWC9LvQ9T_lB7VUWumbTt0juRy0VGlDVJe9hB4zYpWzR33Rqtjq8PPA==,gAAAAABqhp8-ROWOBSqOAgE-E-zb7OSW4_ow0laSXc8giwQYifVlwAZIFy0wizcHj8fLfiltRLdiu466uUYkBdpQ0zaV6qWZTQ==,gAAAAABqhp8-o6dccyJi3FldB5hBE4iOJqimi1MK8dq-Na8hPh6sfmGv5JxJUpjYfJow3UmqUoezSVwB0XBPxu78in1uGX6ouw==
gAAAAABqhp8-Cu0rGI7dLOth3ANgpmEO0jMtHbm76cQkHatXXfDg_L_qnyd-4mFQm64zoZvw85WBLnKacVS0jOVpOdXPz0JiwQ==,gAAAAABqhp8-Br2QQ7zFUl8HOZErhS0N4WUwMhJgpxdNfJiXu5b7FZjF8QVfn5r3TkfG01-d_P5pScu3AwxfOpx8H2sElpkY5g==,gAAAAABqhp8-eCuEinXNjvWHBGNfWI73uHno9p4NR4A90SOj0ENbATzaOA4wQEU9tTSJ6JflEgOrHwMg-50nFkZ76UXDGUjNGA==,gAAAAABqhp8-18LyAGo56bqpbc-yjB3MpGmJ3tD6EcyydQBXGDFomRlYxcZHpbcnct4eDb0dVZiqBjcyoUTJMDzp5t_92Zq_sQ==,gAAAAABqhp8-oKuZ_DfKaSrBtQc_Oi-uQ9RuXWQQeUC0TOoQZPs5VIe4XL0VWOAiB3Zv-OHG2AK_Yo8FHlnMslI38yzZ8VuRgg==
gAAAAABqhp8-Lkkym9oUpLRF8SKhz_fwGiLpJkqS2XByjS7NRaJ_Mam5ak3F3YL12tnqxvVsHwbOPweJGQjFmLfQiqMNLnZVfg==,gAAAAABqhp8-BAElwrLvRXutG3aCW0PQCrDco9scYsWBNNt6AgQerg55F0Z4BvHftWtOO1nQ8_xGPXYVHe-6lWfwLX2Rvf7z-Q==,gAAAAABqhp8-3-5lZVVuzSNQ4wAbYnDr_evrqZaUwwSt-pzTVzu4nEh5xX1MnVqKvoXGLfNL325oTUZsXbv7gVSQX59Yst3zkQ==,gAAAAABqhp8-EZCnfzCcWbXmBlKHADJ1sI21SztLfXLoZNqSWPAbneXp2BZT_vXxvknitVJcidAGInxaVhognB4sB9FBzoljeQ==,gAAAAABqhp8-Odx3eU3Wvm_d3vhdEf7g39qUOES0lRIv3GHiwIKwNneNdJH_PjMlmO2kEJl6FSHWzB64tkIA1YdCWwmBXCyjew==
gAAAAABqhp8-0w4Z3tj_YmfoxYA-45J-oS3rrpgANAOiRO7iPh7bfNFzCPQ_bP0_nIP_cxpQn9rb2NitMVikNiRjLmce6Xw_iA==,gAAAAABqhp8-98AtYp6WZvHYtdA2zxsmatcPO0kgDFSz1Hsxq7VtVYQ1a35E0knIcuif_T-YPJsLEV2jAKG4xiyJqSmiQOXlmg==,gAAAAABqhp8-LihRR7vjVECuh4L7X_r_p6_Mo5toCNFvFlzzc7naXlgcRyH4PZ6EmK7iGbbFqkXK86QcxiCiJxwyWIz2j6vFTA==,gAAAAABqhp8-V81tlaqHzy1znaWNdKx5nq3qHRIRXApl8pH5z9zbrMtHp8vcwQaD9zg8YBjqbYfxxdKC6N36ygJpZJCriPgkeQ==,gAAAAABqhp8-3EQ7XwnSbGkYU_FNJHCLSgdBwY2Ggd6YhzcWde2BTx5EEYha32LfLEsfjKNxA7lREYbr9Bjr-9_s2NoCJCfU7A==
gAAAAABqhp8-pppfiS6j7OJlMsVkKe5iPvEBbUCUgurS_nhtN0stydF21ELINp4hbEB7PzU8PvrwUQY4_IT0kYwwzTlmUiT54g==,gAAAAABqhp8-dTGiBqcIwBqCNiWAACkGc7_EtyaFJNq10RYC9Qs3cl88OCNbOPEGdxaMNEHRm7SwHlCjDpJN_-KJGBBtKWraLw==,gAAAAABqhp8-Hxobzh8OTlA_u0bGBIYSSQV0jhXqtnHTnh-WggBCXqMfOfUrdI1mvJ-1YqXzkDxiWsRNSFUNyJj1rjoh_igc-w==,gAAAAABqhp8-WKhQvj2Z_Qr-YjuQANJioaKz0uQPbuldDvm62E0J54IDpwcgzIQ2jaISryuANFi6PqGQkEhq-SKxHMkYYqcfow==,gAAAAABqhp8-oma4BXsM_G_fbKDt9_Lvli_ra9p7_bxu28NjxamTOkNa5PJNtvLFDlorkLOBB04CqVfunQzp_KfPzBu2nZSD3w==
gAAAAABqhp8-yYdis3GrwYl2Y2WIDrxGXIU8ICINpw821XkxXUPRsNAAeKbIf3zNzdHgzJDIVoR6zKxZDG7Eo6sLbhZz9WE76g==,gAAAAABqhp8-DmNJ0yYxNuq6jspTBv7FiE_Ioe5yLMAAyl6baukXJOg1B-GyvcNiLzFfpBGyxSJQ_9Sve4GZFdjTFy4tboD_SA==,gAAAAABqhp8-Z8ouhe3SnXgV04fdkNG-4GkrmNEU03j7Uw18Bf1UVH9PF4_cSVLou68K-mZKIgnsC76JUSE0fOD5QZoDxnHWKQ==,gAAAAABqhp8-fM9pgagOGdZRyXJ-Qp6dprXGFxusCwYHk9Sd8bt9CyH5znA8B4kPSGzjxHggQaF9W6mKFPbmM3zVa667zYvQjw==,gAAAAABqhp8-vgdmHvF1hcwa_ZpwM_prRiyPagcg-4oSsCMf1fC5snUiSCos2tf5YLG5sfnNTxaLNVqqrZ3nFRBaFLPXhBQRiQ==
gAAAAABqhp8-nF-OBFSw9lZS9hES_tVv4jJr3SNtlI4vtW5mlHWLbHLzaT2JJqRjSAle1Mk5Rc7uCZJsTdLZMHnu4CyPyduFog==,gAAAAABqhp8-3aXLZQjtwqAi1tLTApkiscdHb-hMikueDkbQdXfcIGwIS4lNQrIn8dysPxXbQKeOS9_-CjiAHv7ML5GQLE82WA==,gAAAAABqhp8-D3HZuZSKx2Kpg7fABhPV-vx45Wpw9_IjNkDUj83Sk2SGHpuVtJfkRwjqsqv0axlfGtZvcDw6f3EJ5U2tZAxjBg==,gAAAAABqhp8-8tqRSq4nRm7YlL0cLfajpsuEeT_MkdGHKv5U1af6KIQDuXxy9FLhYZdRIYe399EDNfIwETGTA6w2iAlCsj3Aog==,gAAAAABqhp8-vRURnd1wOCxW5Mcod23WvKYS30QVC0XjiGluXOgG2eGyD1PZT5S4B0zgEkTHTp-Ikt2fzDPLDiAVjzijL3CPfA==
gAAAAABqhp8-4uIX3gMPXHJswwTomvlXGeWPyhFqtadGbaHjA6YyzXRmAxdTF9WOd7m7QwJpE6mkuBhPZ-A5hL6Jb41Oo4WGBg==,gAAAAABqhp8-JHFRmlGb0lwX7KV4K8sdrM47t6eLFw0u4JMYBPbOrYwlFsrtnIXL0HiM85sc1k79_lFz5dxTju_TpwBlFRf3Ag==,gAAAAABqhp8-aU-RdGbp1KmWX9W-5u_C1hw8RagtMiq0q-33LHGqWgf5fXq2nCOCcccesuLG4Y1bgFV3a5g0E51LWjZoYhC4MA==,gAAAAABqhp8-rgoWkNlbLuHJuoOGCsJejiT_qavRip69HpMTVcg-GKmtQAgw8eBiKEvVVkqx6e1Y7IxmnLjYQxdordCi9COYhg==,gAAAAABqhp8-Z2DelV_auUnS06gqiu7uTr5oKAgFDFShZgY4MHvB4Id3gK-Xsy14f9earO5PihH9y4M4fcyOprE3n1DwRMnqQQ==
gAAAAABqhp8-A0BVV6WC-RVc-tX6vSX6QC7LQaT9g0mhSMVrEwOq5kTK2z72g0sziC7A_D6Lzigs33F7ZTYZqWBsBi5oiDS8qg==,gAAAAABqhp8-IdSJqkpS7ArhpMApGsppRSTNaXs184fqATP2Hkm4Ln-zbqKopY0h2QiGkdZKkp_timfzghLNKb-L9Ljk5wvowA==,gAAAAABqhp8-Y4NDkWcyG0yvZgLpfHK3TBb6mnz0q0FmQPpKlYLf5ASipAzjCM3LQ_3UoKcbpWnvNskMgwlB8jSF4ImJhN37fA==,gAAAAABqhp8-Rs-MuFyPiNubRaLWCaZYAiWZ-z0zOewkd70EjlIHLZPux4sVXEngrOyaZwLSlJzbaAs3C-thEgxtAYlRraygzg==,gAAAAABqhp8-3VN7EzkRzOJ-OeYoZz7_1X9OXnqed1fD1cU2wXoIyhFUf4ezZnDf7VeXxWazYsrE8KEqDdCXgVJaUG4UQJj6vQ==
gAAAAABqhp8-ZGuvRYQAhc3kYPVA-PBwkM-RZLou00oun_yuNPeFmYPTiMG3okwUr1CFR8g4kK7iv7lUsq6_6xqoh8NzUgA-bA==,gAAAAABqhp8-Ycjs7XWILBJnVsQxULKEST82VSuzHsZRHa2IdYI_f8985DOmK1QQHlMTD07_uRwJQdZZoT_gcr9nrLZdi3d7wQ==,gAAAAABqhp8-ROO1MOmdX46yKU4SgoUmGQ89zBJa2izeP734FVjK03FhTG-xSge1xVnjRDFjvIVC-U0I58_62vQh7o11Oqb1_A==,gAAAAABqhp8-A5cb8bEWWDZRJm0VzZMvd3ZxjDplqBxIxLQYihsfU0U5Huyyft_hZ6dC4WjAHrzhS_KB15m59G5Afh37KiBAEg==,gAAAAABqhp8-BoaWbNCiy_LWwl5n2P5SK6DsxTqvGq4k84c8Qij2M2vSoFC_a33HQnW12ivyH3Z0Rm7F5cv8WkQvtsGTMO0txw==
gAAAAABqhp8-7RyVSBNK4YX5GBLtbONRNC-ccD4AXVZdVM6M5eBkcQU2yfxNFFVvJA90HDnxlvht82D5jdN6ReDXbSYR8rWVYQ==,gAAAAABqhp8-D7mf6QjOfmlynqzM72hUOTAlznX6QFqfQ1CHcuTX1BAN2KPidfuCPqz2a-lFmo556yS9AyJY0P9pAoKc2C4Ysw==,gAAAAABqhp8-bjgHZwdqTQzmVVEVRriLXkL0d882uocSkOwawWmoV4z-j6FLGhuBoGZmvbFjqqiNybUUbdMkh6-O5M5gDIIDGQ==,gAAAAABqhp8-jyeQGUXz9HvS_ZSG9WYbMrHj20MeQffnwXpYkcdYxFnIQbr4TKool_WJoXHlpwMkYYaSpPSoAP8UrbbQx4HCKg==,gAAAAABqhp8-HlXw1fUml_bGZuUg1QsJKV00OC5RoZL6WeHur2UxoNO6HQFPaVEviDZZr2OjndajYJ139b5t7vP4miiRdYw9lA==
gAAAAABqhp8-gv7tsjAMxX5asmmKpEibWUgn1ahsvDCr55nJdU7Kjs69HJDNAyzjq_-t0uFKTDWSUChsRWmotbIW5n-E2v18zw==,gAAAAABqhp8-P2gR3QhbqLX8HRxpsjUScPkD8YNSvF_61iuO9ncyrwhEVsKuihx7Jq6z3fqck95aeARYx7AIrlqC7aYVEilIMQ==,gAAAAABqhp8-L6GMB9-4Zy-scUMX3z5Ri-oQ_ARy_rzlO1tsnwf-KOufUoUfcghZ0UAh10yNJu-jrEF5ynjATbt3aKTdBCGlAw==,gAAAAABqhp8-Y9FGMLV6yiJqW_EjmE1D7R8UYCiXeGP7eM4OW73kgYNmYxi5hpSSuYb_Ly_h1cgoECGhygQ2faa69ae0f4km6w==,gAAAAABqhp8-j7YJh13ow4szUW3amJ0pQbRIzDGZSvIgqFUpV_MVQ7TOjJ_THIA23pPmK6mjpcUnfpvPH-MPc0eGQRq38AFaeg==
gAAAAABqhp8-P2HPSmCj9dNAqGNmzt2oqO4NJiuxB95WuIgz3B_7wLVfhXpxJ_SkOGeXQxZSyobYV4JP6thJdY7hVTH2Cn1MDw==,gAAAAABqhp8-96nCD_8t-o68DRKBeiOXhF6Q6wFWOeUS486vzUPQD3-th0qB3g05AKEbLPw0TSNg_WH5crSdTmMPejhHsfymlA==,gAAAAABqhp8-p140XDsTCXr_HvYTjeWezc1eJKMVRoleAVOw2lIWUqOy03MvvSdyb8LR9XufN59BZq6tUVwCdccOS9dyJNgvKA==,gAAAAABqhp8-uguUMnVWdX93_bmN1IPMJA477V-oJ2Ub1TO-akz-4aV7eH8MW-GlZ894z5k6M0OaQO7_j2OdnXRAeQQvN_1Vsg==,gAAAAABqhp8-2-swBpEqX_Vt8cLaFd-nm6qds5SAmfYWseSdg_geid-6SE3N1tWnjosVbjhbjC2WQliePv_1KGZRfNjwjjwiEA==
gAAAAABqhp8-99ClRnucw-5u4hlLaF2tL_VkW7F7ezhaKQTf5tutLFszXwfA_bQ0KZs7qMFTm2hGcFBoyL8Cw3mkJ6Gt6mCyJg==,gAAAAABqhp8-HGaWSv3SIoYng5eoS6A_hr-Pa9pxsY1bcas6V7HC3iRVZHQTSasR9TktBYWWQOtI5P5OcQnjJhyQgPznc_C9-A==,gAAAAABqhp8-_E77P65uc2kXD3m-U-6c-QITZbTmEWy3G4Iky0sXmiHqBr9saSnLS7uE_g6xEGKYvWX-SjBZQsnaYZZMziyo7g==,gAAAAABqhp8-kIHCe0BEPxr3fVweMSZbhsYmw89Z3BLeR2IX_juVKh2_zESUguPcj1VE78RfQILzpv1tSLMhq8GFtYkSMbhwIw==,gAAAAABqhp8-J25cozjHnDdaYnh-206QcYYdePM9NnlZNazxFYDwEx3FJt8zgHECV4DcUxEi8DdVK8J5nYqP463kD8JKZNCtlA==
gAAAAABqhp8-mX8y1oaUH0UF2k0y0wv3p5HvOysiE3LkJE5VjbSFcVaSy1Z6G_3QCibislxSRJoroyQK58nDYVrTHme-sTobEA==,gAAAAABqhp8-raJbQRo3hRTXWftk7qbqDrDNfM1-nN4aj0TykAptI_mE52jwY8un6OxBvQG1ENw3PaZYgdPBEnUPWxkzgJi5Og==,gAAAAABqhp8-UV0MfwS7CXjF31fiS4ZBbb0YT0i11uSzIm3b1YUmlcok16M0o2AahpGvKV5yQJeEUFfwdBCY_VV_5a3Sp_J0QQ==,gAAAAABqhp8-L0EpfTA1ACbWhNbim6TRUqtHSyymzrC28Wohy0Z4pv7d5PuYs6HtGy5AhW-a9YIIUTEwGlIB9h3VI63NeCk8PQ==,gAAAAABqhp8-OFvGYQX2fdDHWKhbbbn8MGjc5xaWkOawiUsJnyL9rnCPW1LH8gWhFHhbATFj8qKMZbkiCESMl7NgHqjdy2kXJA==
gAAAAABqhp8-7khlNCBEDo0uW2nHYbfqEVB0Dg5RuR8tbQFRPSRLB_2g9evMrSIpQl8ITAuF89pNQe77mGopcPstRSie-uDsrA==,gAAAAABqhp8-21lMyslCPWT3odC8ynthoTbQRyLGQxW3OCV-Jfsxk-eZNjhaKNrXXa7Attm30C1FslHBliD33pkyVAtbRE_HCw==,gAAAAABqhp8-QUoYvB12Q83AzCpJR1a4wKDT-dTDhlCCbKcD87CmjyegkS2GycXjYsB6YYLJobh9JX0TC3o-9VsQt8iwg_Bn6Q==,gAAAAABqhp8-8C1dWmWDShM-sxIZDNiz7fw1CfSH3a6LtVpgyKG6oteD7ImE7NWUW256bFZCyC_oToabMaRzawnC0PWjn_WgcQ==,gAAAAABqhp8-1DDPP15CYYPr5ima5ncRkOR-Cj27GiNeReE0cNCWutpfPatydJ-uoUGj07CefpokqJwlAA3uEKgw0mZuSYILTw==
gAAAAABqhp8-55klQWTMqrzTT4_ebs8M1hSLtSEIOgpaEbNXgeY8Ohu_AKVyijgEh47-DevPRy-V5n7A-54dwgUUesR_Lhw5Sg==,gAAAAABqhp8-B_FIzUDBXPvcztdtT7yhQomrQFH-yjWD4K8Sp24wo1Li7qRRKmsGOxger3GoeumvzwPKEG5Hz51IHeAHOgfsFA==,gAAAAABqhp8-MHl3uuBEVHcjvgI8GDHsMp81OQI0Aa5725QiaPBKV_Ne8vJJLTC76ELydPWB9DkWCcvICARQ7OK-AHwZc50Kmg==,gAAAAABqhp8-CAppafCd3KL5U0R9VchPU3Mv5dfjD4ELs5b37995eh0sMm_qBZ2LxmJWjdgwRL_IBAGqaUGLSInmHdH9iGHTMw==,gAAAAABqhp8-GkU2ZkcbwVV3lpXja6UFYPOvmgQGyyR8syT6VLkG_9dUdC9CpWvTx_aoPnR6PFT10JQoMdl2622ngNXWUyMHpg==
gAAAAABqhp8-XKD7afiNTTxQjBZ_E9OW1YgikbK3aN7UPaTjOUUEBywgptZF3nDQgca5f4IC6OQPiFdsaAK32qPO7MltdAitXA==,gAAAAABqhp8-lwN577iI8fGOBGiBh2tkTLXeXIfi9M7JnYh08JwGcnoUvbDyldBD0roUfP_pIv7p2eZfSTA1aUm153OK8sIxQg==,gAAAAABqhp8-u0nrjDQmyjZBMFg4E9_evIFi_cSfl1kzC5G33M_NCV4uNMlJ61lN0oXBduZphkB0wqV1EnB5mCGtvi6tQ6b4FA==,gAAAAABqhp8-e7lsmpJ26F3zDP0mwWpneyrlmvNLNISdb8UMm69XzeonUFMsxdjS7nVhDbLKIz8qTTX3CcSTsv1kfjmN84AMVg==,gAAAAABqhp8-z6mt2ZjRPzqxzvcseCBnpvgDazJkGXqd1LopGtWDaNTQKqk7vbqNb0DoPj3F9Pz5x4mwYOzMH1KuaGuFf4-Yog==
gAAAAABqhp8-5BqM2LuJMlqJ26e8tmOBLyAyBO8IH1NtAwst4YldrQwc90-svHNWTONhXk-bhmNm259Y3Rp2gdRN4mpWadCQ-g==,gAAAAABqhp8-fnRZtr9fdQSfgotUDGQ8F6sjhMgnSigr8_WRUqYG2dWN9AXzA4xEQEdBZXxMGZBopaVcb89Iq9Uun_OP1irapw==,gAAAAABqhp8-LOiaOyAwJn9qNngD36GFfUkZ4EVLua9Lr0BmLheBxkqW-M0WeVtml_xEIpL3IF84M70cFEz6mOfB4vuGeXq7Lw==,gAAAAABqhp8--6LDMGanUBfDKuoJ7CvsZyysxC7sYxy3-jpv6kWY7Jh-xevaFL5S0_NUE1bDA3kiqqxDwhywx5EB9bykEkAXYw==,gAAAAABqhp8-KWVWpCrzJ92ZW2TcqCxhXiRmlqTbbRMDfcBJGqhMfyljIWTpgMtyuK5XLtT3CB-KZw2kD0LlFR2Bxgms9hpi5w==
gAAAAABqhp8-nK3pW4JYolGVzuCtu_0yTEBu56aas8CMf9VKKPv7pI7Gc_epfoU-VhQjhRepix9m_RgarF-xUvLSOdyK4kX24Q==,gAAAAABqhp8-aaQnLf_eNflkG7DAbzlXdbqC1_xz5QA1FXjdmjq46lPrF0j8MJw6pZcx5PSE-YwmZJIMG5eCacEG2pGBBE-RGQ==,gAAAAABqhp8-x2bNkbW3XNm2y7ILYKGfbaqgsnz_x1RbXu4Yl_ug3JZJ8ZehpwFd-Fb_gynRRIIUnxXkXAHQ2bzOW5vC7YS3kw==,gAAAAABqhp8-vaSX4HUaywA7sgXGAfVicS0TJwHkezeOTmrwu41RGhPML3Wj77wBpcvSDgOCtsrw24jlWudQhY4FWxaWIMB1PQ==,gAAAAABqhp8-SpBS0sgPxLy5RqBUa2uJstBRGccvWxltMOHPurJdb2nX8feJYk7hlaUDQKq_vjdpdq6duH13OzYen3O0uehaLA==
gAAAAABqhp8-S-S1FdTfpG1xya-bB_gCVGFnVuwouaPmDiDFpPvuxXZTDDXxj53d9Gh6tqVSaIk22o5pGOYDakFC4kQGZZy8hA==,gAAAAABqhp8-Gk573wvyc81BkedIvb2pvXwBhxB4lsCwxfrwrKmkzo9PQ8kVY5hif_X_n-MKBCjLbkNLmzOxuwn9665RmwL4_A==,gAAAAABqhp8-bbnU_JWhaeryOZztWJiepzpqBPQJT1Gl50CU0xPGP6Lyo9kZInMgyOHTrophvFfJb1NT7VwUIf5pPhzX7XtVAg==,gAAAAABqhp8-NdCvchFXZ5C6zUuax8LLfHPus0XoDXsaRoRKjQZp3aMqbOMJgehGISD84uyVT38miS62ucpC9iO7oRetw-Z9jg==,gAAAAABqhp8-UdRmDv7ft9lDhzASw2NYj1uAgs-3fXiqrfI7AjLY8l-eMSjRnepcGeJXdWZ1KngvehpeIJlQ4g0ZFW4mRqOI-g==
gAAAAABqhp8-BOrOFSaldqnRMTukuv0qE5YGrcN3-t74BL7o2NgGZVapbLq-PrZPkoQsvBvW2DpjAP_lJlTgfIvV6RG9h15baA==,gAAAAABqhp8-_vdtolAoFchQqKgRRrcoUX3eL5oxOB8pW8n3RlxnipeomeOvpQ92C9Phy9YvbjWzyGY6iZ_EYC4IM5CV4w_-xA==,gAAAAABqhp8-KDK_0fKKXztLRmPRW5T-LfP37sL1510fbZgkgPoiJ91TJXw_QQLaCcE0uP8PIlIdezFvEdy2odXodl_1B4bERA==,gAAAAABqhp8-xWGmMu_bpA5JCcCpTT4wEXGgsFNqSC97BirUuoBnPKZGNl0FVU2zTtWq0dnmJVyCqWKQ8ka6nW4mGQOWdE6Eaw==,gAAAAABqhp8-UNgdd0cMpwR6EN6Wy0HO8v4C3avTlFg2a57-FGWfBiaadIIk25ql1R1UW3hI2Cu2imygcJGyBFwZXmNyxmJWgg==
gAAAAABqhp8-z5jpB5-ySqq20h7iU4Q20byoMbql7ipocgJoOarHnpq_EPnGI0yGn6fJNNjOVWn2cSSU0-j7o8HPDMw_YJI0xg==,gAAAAABqhp8-UtD1iAEwQrzAPCdWPR81QU8Qz3zKomOcAtO-Woptfob5WUDHNCyVKxTI-NU_esNy5PnVgBY_oKwuyy70eea02A==,gAAAAABqhp8-hrYJPqurqujddlpS4kHChWBlweSTySfxZmUfhPGLt-m5PtA4ZvS8k6cBiru-clMlM0_iZEbeYPzwCmx6icJ2FA==,gAAAAABqhp8-VTEaoMsGMHTDvWEJgmwv_hsRkrmSI1lYVrh0bFZuaERMmxFXvyoptHntAgqiXRZxiSfwWRrlhJtZSZte9okX-A==,gAAAAABqhp8-NL7B56BbBh_Sav1RBzvROy0Dav-8g5cjgOaXXohPOwHGCmL94eJkmblxx9AFJ8le7KBS3JJWPCtymQndW7dtuQ==
gAAAAABqhp8-otQL1xs7euhumKofdwr0RqXbB0IHFvEjWBWIc6kOGevO1zvKd3xZH_Lnxm6REyh4yh6BJXpGxu-sw7NjD1GgZg==,gAAAAABqhp8-jOpubrtxyJKQQtLsdoPO4PJku2deAId1FkRQ4mrJDLIz7w1tdUQqB_O0MIks56Plx-w6JsxosAC5dPYVBkvNLw==,gAAAAABqhp8-eyx1H5A_1eqaAHE7N-a2DWVR5bRmuHoghs_AQ0qBA-KTDOSEMU3dmhZd4cEjbP4xMoIwtwW2z7Rz3UsHEOfHXQ==,gAAAAABqhp8-0-zqoBRavrVCx3pWXdhn929zkdcJGcoow9lgLpHWa6av4Ao_iIIpUMInGdXUIkpbF_ZpJjOSoaZKYQoiOCqTeg==,gAAAAABqhp8-JXOk_ZPl-rZnnZGeUSa1y_WULh1X3g88F0LFkTprrxHKu7mDCGmtOYqEnMHnmioX-1Ud2BoX7W4PhkP9t1oVVQ==
gAAAAABqhp8-kaoDafLVAl-t3V-s4kot13DEYUgf7Uouh3nak7uFDLpxzTFHE7Cb7iUoZ6ST4c49wOMZ8Z8TUX7GSGERr8sDIA==,gAAAAABqhp8-mzq__tXkf5TVS7HNfTk7Aeb-raEa3AV5mi4vLuBQIUYz2et8JWnMxOfoDabN9jD4o07w7PLQoZQoZRJVR2S_tA==,gAAAAABqhp8-QSgTGFLtCRGUM7d6UsS62M1GI6O5RPqGZS04wA8I2-3OIOJCtraRKOFnn9Q79q3dsVFuxGUIFA_uK_15m9Ly6A==,gAAAAABqhp8-6PKSKxi0OVYewohv2xk4Dwi8oIdIOch5lCqBF7Dp0VNRJgtEevwhRsfkXiC-oKrkH5MajNeE-k5pPNsP-NnbFQ==,gAAAAABqhp8-7clq7CUxDOUj9KP7GAZswifferz-sqYX717wd0Z4-4rlGRUdG3cbE4k8uueEXNDDAMHIWByuql2rsH93rxWLbQ==
gAAAAABqhp8-FO3V29i827kLCru_k1WgLbqvl5Dlm-q7CAdnDPTBPzA2MmffZ3WjcP81mP5P7cVtMZnSRPV1OdCiVOou5vOp8w==,gAAAAABqhp8-a3FR8X5Nt8NXFKBUHs4j-UtA6rSBwQaPJOKlBEYbugZh7N0jXv2IUtLlQyEbGi4L9F5FMJLujnRtS5byMV8rrw==,gAAAAABqhp8-wHiZ0X0VGuzSHzhOCAi2geOEJ2Icy0mGcFhgERG2szkCMUsILW6h0i7JEnyIUCXftd2RYNiR7Laq3MWf5HGcMQ==,gAAAAABqhp8-u6NT3usJAaS1Wyebi3M-MhkNpOCbH_eyPSJDzNHuOaSX661L8mw_cTexBBwQvvKRMmmYeHZLGsdOba2RGESLTw==,gAAAAABqhp8-HS6Y6k8qrNfdp3wqk0uWwHyMlKfDmmg2FIUQZHFWeRwYxeye5s4rYyEXxrDeiN0Cz5bPe70qk1hibqQk2PK4yg==
gAAAAABqhp8-lj4OCJM1MG3a_nQ75AFRkseLutxsF4o741HRXFNbf2gVFMkY4IxDd4gsT6XsrwScEwKTzbWgw7WDm6PqORYgMw==,gAAAAABqhp8-Xktu9WfvXG_K3zG2EUjZz7hzYuaWqhEexur3409PXIuKUJfXYjb_LmXoVr0VkKlVBYsMFxUSsdIYC-FYXZK-6g==,gAAAAABqhp8-cdPQXVIAQB6CflaluXg86ouQ8_E03hmgf6kMokzwfcSiHWrtrcHndRfPVni3ZWebno6df4vLqBKLXEk0lr0joA==,gAAAAABqhp8-LJw8Eb53jy6SiV6l6xNkbqpwaPft4GosZSB7SoYdM7YhldYl3QSV9rT5pM9QA58ndGFeMscLT6fclHcpfhXRWQ==,gAAAAABqhp8-n2KaUn_E5XKPi7UQsgujhoctouTQz6kVVkd6BtUIi4HawOE65J4D73x1AdkmDVSnBzZSoYOW00T_8M3mlKtLow==
gAAAAABqhp8-dnmrrS8No8_bQF9bLLNa-t9ArQBGl7s7B8zHz3DPdpm57GuSQBQN4-R50MXRNv_isApJPPww81RrxHIrMQWboQ==,gAAAAABqhp8-9NSR3qKaiFmSbQ3xO5oHhCdBWqYfoFGXw-4wpuC-3RAW9F1VUIFRvpH3nx7KHNz3ZaiVL2Q-IEwCAG7L08ESMA==,gAAAAABqhp8-yIFhpIx_o5yRZIvwSvM4Ho8v3v8xiXGZUw1eIye_Q5pSm3y4jhijPV_VzEG5jlVqCkjtuy7xnEr9F5lAEoP-Eg==,gAAAAABqhp8-mEvwVjCEQNhPQuRWCM2_bPIGhCCihQZiqoJ6B1mRlCmQNmHrwiUkZqOcOhbew_p-Asc_Ov3zoSFhq8M8r645rA==,gAAAAABqhp8-UtBWFbgeCYhB4xFZX7QSxS6WtDfbtz3JVk2YiLnPgmJCGiuTmayE5waBDiocqJlbm3sWX716TXoI2YfuZF6Gzg==
gAAAAABqhp8-FsdOVLlrCEydZZbOwe8ggpqxj3S-PIEB82XoJCdokJn9ibJqwXgTfqrTnUtfFyw23QVggrmcLUYXK7qyZabvDA==,gAAAAABqhp8-ic6UceLk_w2ug-zVqA7-iKdqrcu0RxsSA6LlPcm8kya7ldlv-KZ75o7TBa9y1D2FFA1ZDiBM-8Oh5qhvlmevmw==,gAAAAABqhp8-B7UBft66asLfPe8vmneuz47tEIyvZeSM5NfwxPmHCp2uqlgAdsVFJcjNYhp6EM6f4FQvDjBIE9AjSjd9x6W81Q==,gAAAAABqhp8-cGNMxPwuUA4Mmq0BsBF7y000K7mFhtoy81lFZY_i2RUIkFbt9Z8ZXJWagya6oXMJCnOO8ptvRrW5WpA2I7M9cg==,gAAAAABqhp8-ZgPiqbKTYZY5TH_X5m6ZSBpCPlslDFKCIV0DM3GlDwkOgeQDaZedzL6yN0RBmq2e5f6xDhI2b7YxadL48R43-Q==
gAAAAABqhp8-YH9ymb7bUFUfiiY4chaIsNeHCgC3_ni-_mgF-5v2Zwff3pIcZQDCpF0z7UkHZum_g1jYrYKbssHRkyKouPm1-Q==,gAAAAABqhp8-6LqXDVi8wzRyoQOC0lEdb2y3NyClb_04EUreUCP8Uu8GlcLUt9a4VreTTkoZ-L1Iwo-oF9lc4OBd1iyjTfFXfg==,gAAAAABqhp8-bqghbQtryDI60sAFkrxU89CCy6pYv4t69qaSIQlgHLRYFW-3RiqT-rESgqFyV0NVTnKBc63OvuFr6mq4SkFM2w==,gAAAAABqhp8-0_wwihTLwSTWSHyBXd1JKEbJ2LjbqvduFPV__o75hHJnAJGPFwqCJhVsOWevIrlJlXHIipRORMiXeckzyXq9LA==,gAAAAABqhp8-S4Bw5x05C4JUrYPnomei5B-N9NWs2Fx79UmE5KwiwIXqUm2YU_H19-PSJCKXrYsTBxF_PbEFwBjvy8fLqR55yg==
gAAAAABqhp8-1fBNRM2zzuxarw4vfoOYRty0k1tPkc9SENzq_fiNaWvEZw02IalqFvve1dbW_oXNoxNrEaVD2QceC8SO6pjuyA==,gAAAAABqhp8-GIXHUCi9Q2e-PXtqqLyZ5w6VvK7h2Fr6kPEiMzk5nIwErxD48kRSipl4Xvqup-ktIoXYclrmEvdxyqk4dqJgKg==,gAAAAABqhp8-nuMcE1R2V9t5hOw5yv-7ptyxOA8fIzlogD1ou7mFqz2zS7E3GjSYfMsjedqgKogLuvUAZ0inYgz66mEvChqczw==,gAAAAABqhp8-AtHqm66dYnrFVODvSm_UlMsWXjMNL5NubaD7zplCEjlFTM8j3ex5rg-R2Zus0DUjWbjeCmjPCC-xV_M6a4ia8w==,gAAAAABqhp8-kKzcJXqPnUIzKpUbC6Erst3rKZEGBM27mqZUtcccsh4-8v7bSbLCDUtQuhmZe3s4QqNqNOtj4ADyNfb-HMorzA==
gAAAAABqhp8-tmbM_HK4lbI7oGKj-koVbA6PVOb9gf63N4TL7_EFndQLR9xT2X2-oJhgr6SWFohsNZCUiE7fWbLs-UeR5o7Gyg==,gAAAAABqhp8-50MnsVfqOMxFMJWvPy7IF8nWs4MhOu5jcCUFgZYfLqNi_YI3daihKhNS25fUoH6SbKO0nLOUZC1j42vAm-ioJg==,gAAAAABqhp8-w3BqfWPgYKJGyGk6kBG9fz4uYMiF61VBHCk5hAchhnw1UE3xW6NTXxVKDM8P3NkUUWDfn7gOIffTHZz4P5Y5rg==,gAAAAABqhp8-SuwZ9qfxOcRhfAtdyGKvlhGBSs3on3w-JwxG048VGgp8jBYiwg-emsYqKfqJBosTZ24he9sKkfB4A1zoFZ43xA==,gAAAAABqhp8-cA65afGzxVpOyzHgHCyGEHXrpDEB5peg2bu2XBLluJVR1BP4tVSxDJa6LDhN4k8ounmG6nysCqHMrCG_3jG1vA==
gAAAAABqhp8-wf5X935Oa_R2h1-awh9XlgKB3rUc2L2LxoMKh8vZh7NEjmwPYiQgXKYv4BG7JZhYsPvFsbch5Pok2WKE3IwuOg==,gAAAAABqhp8-BeFkte9ejTBMvmXXIGxG83Urbu9bQJvQWrhwRg8itiB1DQDpk3sIFVAR7y3xxreh_GAKQnf1KCubGvKZinRuPg==,gAAAAABqhp8-Obpb_B1e-xhjGmosTgE17zgF6FXwBHY7UHYiSniIqkB5FPwYdWqi_q99SQ0xIBVJZ4FK5skD5nn7zr-4N1Cthg==,gAAAAABqhp8-CIknUis2QgCdk3sx003siwnzgSBCQMmnCpB-IsvZmIwy9nJmLNMSG2jAOEakXUQH3dffnEMLDe-ifMBbh4jJqg==,gAAAAABqhp8-jyWAUCumjqBUL7vOQ4VzUpMf59wUUhFtV7kML99D7JtY8lxZ5H2osrBhawq_8Zz3i5w86gGT_xtyFEFqj3y78w==
gAAAAABqhp8-nHn5dbxezre_PmOay0vBEY5U9B72PYsFUKNd0bBlLCYyZH8yrorPCT1UT6U4zYSTe8CcTj_d97Bho0Fgz_e_wQ==,gAAAAABqhp8-TJqlogGeX6pMdfBEWaXiQuzm_40CNZaDzhWFyxYnh3_iF4fW9Na8Xo10yr7wJOzaWt7PNATWcMZRbjBAMSb3BA==,gAAAAABqhp8-XmxknHWu_rL3C7WbRFz8IFzSDYU_o27qilR5fRCbnPjtrnqsekbXmEdPKvkpZBJIPYKSb8ssE5DFwVBVay4w_Q==,gAAAAABqhp8-9zSBj5GxhpXCketRYBrPIIh_0PLqn2387Fc2ebzJDxD2-lfgCKhrCg5YZq4dJ-HThIfaxM1M801aw6V2ttZFxQ==,gAAAAABqhp8-FNqCFjRjpYhLawEELt5mB4Q_hwTkhJJvxBrCui_0BJP6DOtzXV-Sw8xYA9UbM5AFg5Y8hqifSp7LQNGXlScMkg==
gAAAAABqhp8-W8mz1yB2Fcm84khSGLStm4R39tqzt1sLRTvHXfd4j-6HElg9mpT17GSkct4sh49RLJYRO-owQeSyxMrxYNTkuA==,gAAAAABqhp8-hewOFjBhAtvGXh5RaxWVPtC7cKCzDzwA47zibDsN2NhCUMaOAdDrAWjbQKU-T5lNScFpqSdI2sLN6kUiGLhOnA==,gAAAAABqhp8-4HrrDbhbJO8LCLpI-EotlMyRM4o_sjNrs6ZoZy13v6Y9f3QVlLKPYfLg-Jl3hW3J_QUGvemwvEoRS8H6l_lrzw==,gAAAAABqhp8-9Qia_j3GJmFSmOUUNMHBO5SwydfyGLDtuz7w8xklzXceNbEGEGQXecvAXO6jP-pgcTFwdGnimDnceEtaOoCChA==,gAAAAABqhp8-_hlnf-NiwUPbPD0fmmjffU_2JqzFmHgqOL1OR75fIbJfVOmXKT03OYSGVtl5vCr7Mpt3CdF2rZYGGBTiA36_Dw==
gAAAAABqhp8-nf9QdRYO9dNHjY7O6kgOi-t6gqEqtN8gpbAez8YrKurpXhmtcfjUjyWV69OvnKOAQdiWF6QxTTHj6O1uad98mw==,gAAAAABqhp8-badT-u1oFsUELeXMzO_MzvwSvEBZ0Nybml2gC4pDqao9cY3WCK4XoAwWCFVDGOFKY8H6hZ95DlmqD7DZp3eMTw==,gAAAAABqhp8-__92j2o9TcgVlS7qXPD1AqMfQHuebWZhfD9Ke7-HqsdhVM0nN-f7Emcx1p8IVhDr0DS2hE5ninAd3ZHD29uWeQ==,gAAAAABqhp8-XzFm2-_kSr9EK2lBH9lwkR9UGUTmJP_uQ-dtpK1EwShaYddW7hLlyiTUFTxGek1YXrS7OL0afGMjGNImzVQk9Q==,gAAAAABqhp8-WVRKiqSg4EJ3shxGnokQ9IXlEC-NMWa67LpFAbqZdSr93LXeR8F-LfdnHMB7W-Tdt_JQveTi2viAEmBVcAB-Mg==
gAAAAABqhp8-fjn-JWEh5I-GDxO7-XFq7SyPjBvtisvnACtoDW-nQj27JWVxhMVq5FF5iUTDGHIClr2iwbpYMeaOEkPECYEdsw==,gAAAAABqhp8-ak49xzr-Ig9p7JqIPDtmJ1Y5RhEbodIYax9-THOKQtf2FlMlrryNOvo_K0onBsL2UtPg28iXfkBNEQQPXiSGUQ==,gAAAAABqhp8-IDB0k70xmIgdKZNuds6z8kzD4zboe1x56_3zsPNdnImPrq3ZuXjzc-xq-RJKEkRF-WJtvvSyqIxhvGO8RM2_mQ==,gAAAAABqhp8-xvpbAAYz6bIF5twIvDy5gFc6seCpbSRoJRDmt5UfqcPE2YqvB7VDXCUPrwRI9fptWH9OU7UnJeZSGd-0pROSWw==,gAAAAABqhp8-E7ajjbXsuBrWJKX-xgLfHJ3T_1-dj-t17trVbRGZbnsD4_47_RHrPRLEoBzJQNq1fQRKhJPczw3udQXhLxXfxg==
gAAAAABqhp8-jucbtntTo-GC0o3D4OV_v3GzDjK9WgMRFWQzAEdJE1PvoMOFdUAjBxg2OpY8LiChmXukQzEikZnMjXPpU-3mbw==,gAAAAABqhp8-_r1jVbvDnrw1UB1v99spjxG10IBvQNb0opD-d2TQd08lcuFFu6zB2BafGVnublRaoLIBmcQhdRARgCCJoljjJQ==,gAAAAABqhp8-hrfM2ZItiK8ZqfXD8QsFA-HmpYyoxO-Sh_1NWDWyyIXyORsBOksiTr7zWM5o3JPYnOjTOMUhzLwb5PnUReawTQ==,gAAAAABqhp8-PUDVTYw7yQ9g0mw9pkYV4q_2_c204iYcTVsORFDdV4dXNUJasMilS8hWwpyM9t6TWlvRgQ20PJLi2Kla1NvjGA==,gAAAAABqhp8-blT4kun0teHopMucYmQ5PIvqWQPuBsmzvJo1E8w6eh1HiKt91-x8DkOAnCZvekeOZc6gUVGC_ceC0m_z09FCdg==
gAAAAABqhp8-RlpZUeGfhT8jbhI4b74J4FZ4JuUTFSbTzn8Mh-tq962O1OHQKBBtTdmO88GLsBewTCbAwNpGn-sS53wB33RNOg==,gAAAAABqhp8-BdkgEdqkcDoVM2ZnesoIsAzlSzjn8Y659CkA38PWeqsGVRBQJDBG0GVyCJCovnc7Ph5lB1wDKOX2VgUPNmX_ew==,gAAAAABqhp8--8hu9Qxis1MJWdz7FL5U4pIrmH8hacZH-SA46LZ6tL-_QGBxkENNzrCWutLKSYWfMev6uZ4vtNBmJ-Nfjj7rHg==,gAAAAABqhp8-qLSuoDbWoMIHZwj0Wq3FTugSjGqHomMVc5eT4zrUSmYI2Yu6xy0RdUtI9cQVvqAyIkLyOMSNShlJuffZ7Qk1ug==,gAAAAABqhp8-Xaj0x58LQF9QTOyKjy-L0rH4ecEqPkC-WQiTisY5sCn0VHPcKNZUqE5-JnaZ0jRQ3dqZXyreTaeGmmmLkI29lQ==
gAAAAABqhp8-Dhgqm41JPuOwvP5f9TTH5Rq_Y1v_ix-LEjFd6Eb13_4xBreE5oOVgwsCLWrFvGlwW28mpRsFxz3bJ7O01fxpWw==,gAAAAABqhp8-jGHo-hVSeZYmpdt5ng11CdtFOPr6t_aSvJ_sn-rLI4yVtGC4GJuPziWMFy1oyMDffA6SmYBYtRiYwsUoBRK_nw==,gAAAAABqhp8-KK9kGmHFo2a0NE6xKniTK9eIsLed-bIlpXgX-1WRKJ00GMXF8B435wgGBQhupoODXXJvsXdYHmkY_Y6CXfkVTA==,gAAAAABqhp8-mok5UYcu4K1P7D9fU4kov63Y2llss-AkJRbYvoZHvfSv66onPkmJruyUGNoGzTBt_Xt_C7QkzqOGOHTZ95nlNw==,gAAAAABqhp8-r6arIW2UR8AT3XL-NkP1rEZ6aCAQf-XD_S0M7-lknsWU_0oxnweWWyBNfKMEE0P8JqbWFj3ux4tjghKj4Zj_jA==
gAAAAABqhp8--dRMk-pWyPraf0U5bE3PLX24LmZeiuCgjjtDZVV3XqiXk4NIx4ZUtk2Zzfv1_8vmEPlWtbY8uNTraxM0S2wq1Q==,gAAAAABqhp8-2hf2LV5-PyWUUgCoI3XPtPnb1W7R3T2lemSNg8Nxko8EMKuymp3fA0NGfDFXrwo52FLrTirb49UDpWJI7tR8VQ==,gAAAAABqhp8-VIOjZDcBQkTeGuwtNJEcnJ8D23QYdGTfbdO-lE29cHLCTzhcp1z324gw-wxDOpr2t7PXvCb6bcwreaG4_VtTPA==,gAAAAABqhp8-gvCBTZ9PHK6dBf_xzgTxSYr5GwhX4IsEr9dQajHJAPR3LMcqBQ9LUEKF5QHrd6LEJrV8NMHdcdF03hmXZAHFdg==,gAAAAABqhp8--1jiLqTwWqb9G3_gjlvVM3pmgqXfI4CyndSDIfZHKB5cfmbSOuJssgWoU5LQaTJteFD_aPpp67qvKJILAFrwSw==
gAAAAABqhp8-oVh-jRHqMKsfaVJ-rSvLkdNogtwzCsEGYXh8yxZmaQyrudd9w0f6O3xP2pUkObAaB6Om_9KeC9ILg9_RIEIqQA==,gAAAAABqhp8-INAwJ-D8Fn3hRpSsEP7UI5WBgpKutWBZ7iwewcvXrhzi-c-R3l87EVqKeZiB2_sAg5HFknYU5G-jpWz2M9Qqfg==,gAAAAABqhp8-SLmbSeDgWhm5JWkG9P_cjCrhxG_z2rdC_O3tBURgFU5v_20G_1Y6RQmkeX6RLSN-O6ZkqcgqTjyKhIQkTLxMdA==,gAAAAABqhp8--_uNxf0BLLiWwtkLw-Plt5Uo4UB56cXIy-J-QS3lyvGIHflDxXEy0Kqgy9YeedJjSBxEDWvMIbD_HXJP2guqeg==,gAAAAABqhp8-KD6pBSMqdeVkCBt84R6889PWmlFqKrMlLh7-BtvLUMHpAyPe07ECetVjXZNqf5HgEcAIFujWZ7-bRbyRPavsHg==
gAAAAABqhp8-nvDrkKCgtPjyDd58CUULh15XspGdr4u-jdfyoqUMWyrPj-q1cyBBJi4fFKttuaf_6E0nN3OOhTJW60-WuY3AfQ==,gAAAAABqhp8-OIUpQnkDxmVz6KHDlue8TGqr7Et4QeGY3btVeCas1AJ_1MS-371c8YVTi8zEiUg_NgoZ_mMG0Z9F1-VraXhBOA==,gAAAAABqhp8-jGwLxEAm7-ios39nxQhEbTmBE4ZzJU86icYokYPHjeSFgbBZtWqcW5At-6hbUyxGpcBldnCbBX8vcgekz7EzUA==,gAAAAABqhp8-mLFVeJQBvEhlAjMTQyZKh7am77iDRRvLSogNXKaUDwqSTz1CjmFjvaA2RG2YC81FRp1Z7ApPVA2602DJfZb8Xw==,gAAAAABqhp8-ZH-TP06wQG1jC7IHyWGM6LwUQpq8IYRM7uFnn1b09zKGtvCLK8XRuiwWW6_LKkheP2cAF9qAPpog8X7uyfpm7A==
gAAAAABqhp8-BAoBtMS3LD0P3ge_GbI90EkpSYJo6r8M_5BkE-u4FCeCUzJx0v1Vy7zU79bjV64tO3syzDjh8QAMYz1XaJ9V3Q==,gAAAAABqhp8-_iYuPygP47GKTIqrMkpruvfv-dyZ1UQ828FLkPkSNmdSZsqE_Ce5KXoAPJ4ZlTV9Yj2OuvEamCVbhEH5a9WyYQ==,gAAAAABqhp8-YjTfqzNlkwRRABXCSh50GTLzUiVyZgaQtlpq155gGqvo0mGzSRub-sCT4b6gv-WzhmzsABjMaJNY2oo70tuxIg==,gAAAAABqhp8-JsTgcmpRtSsInaliHQHUgvwvq02PH95zcKWo9FcuBOrmwyYtAnM_b4SDrgiK5FfIZj6zlNf62S3uFN9OE8Op_Q==,gAAAAABqhp8-LGC_gggPdCsvmfpObKARwbECLCzlUZUdP96zEst1RRCopHVd3Aa8pNY6LJaIb1U3a0qLQtTKmkRIuU-_0tv83w==
gAAAAABqhp8-ROgm7_CgsNdXCAR1Jb_vpnKINKuDmKLj-BYZqwdMPqKNjzECZ84DgqQZRCMSpKNwK7Up9pcjNsIWRi2GHVzyLw==,gAAAAABqhp8-4lUwwHZd5hLVfQCijnh7yxZZNE_9BIVgyAcfbGMZOAXyse0m7GwdpVa4ZZFSw_nJ_tBOtarWB1K9OT7FxaERaQ==,gAAAAABqhp8-JB7nw6auLCnzi0AgG4XJ2mtKzdYlq7eizx1y8jhw88BIUteCk5nfwAWu3zEtE5yEG3tj2rmT1PAPWnxx9Zf3Og==,gAAAAABqhp8-ZlHM0lIq5aZUjnIdtAh7A0D3fALJMmQLUL2ZJCTGrp2Hy2IkKsicNG85YA-M7Mf4Q-0G-0WQeXoFGdlUfKPtxg==,gAAAAABqhp8-yMWwyZC8LXzS-TBLdIaf209u-BMwh34SzB6zS5qMH8EBvhyMbCBAW94VB55E1OkNLz3O6KzQQKH7JOASZ4rsGA==
gAAAAABqhp8-yq-gyXqS25MdpCw4V2V8aP3eIfx8BwaE64OMt7On07ZPga2TUg5K2vd6LWndWRXehF7C6eMiJ6PwFMCOGDpyHQ==,gAAAAABqhp8-B1Tzz3Zc7OrJqYnVVb9b7ZXvYkvTJsfniZLKpQkUhMYCmunST2g8Z1AEUcAj2E-p_SbF83xP2a88mm5m_1wNkg==,gAAAAABqhp8-xuJVqywqdK7798osoxMIqIk7pfRFMsH-yYmQDvORD8R3J3XWdRbgCd6Wi8i_Rut1-8rnJG9T5EIn1D9T23MHvg==,gAAAAABqhp8-uDfwvoM6EZZFHJtetz_M7Z2-UhSu-UR7npf4SRFXv519aVAhSBpICDUJCzGnjlqxxUMN9WdJ3VA2xi2HPxJZKQ==,gAAAAABqhp8-USpvmCb3nZXajGdRWAAgFoKKJGTtZ5fGGe9S11H1wvsO38IyxMm8KjO_sSSZ0Fj8W-3a65P-BNYcqPgoylhFTw==
gAAAAABqhp8-5bxB0VqqVNT8WzwDPDUhV171M7d2sM7LgxjgTA6u78znIg773ih3Zzzqkh2JVJ0QNyq9jzhlrWHsx1nNOrxbWw==,gAAAAABqhp8-44JEOlKkwALKJcMs15umJwKyf44k51-g7GnVkUKYkxhDkaE51m2YykDGCzfZT_YVQd0oap7Ot2M1v7h2D0FcgQ==,gAAAAABqhp8-AWe9h1sPYa0uNe2n8hQXVWBEFHSI_bboWj-GzAqT4l_gGKIKJnePLCRp_FJZQX-yVYT7KVvGiyV93uiMjvjh3g==,gAAAAABqhp8-iMvTFcrCCtyelES1qm5mrovDqrR6zE9kE9MAbykGkxGfJeka44T0yB2XA7JFhssucHAKxutdOs7-gH1lblU6Mg==,gAAAAABqhp8-MWgRBPXW6YNruYwoz5xd8tymfS70yDNGV0DuCsCXRNGN2RTU9g9Sog3gJXEFLofztyqyoWzvHaJdIklipfXsug==
gAAAAABqhp8-LoydxM21ZZMI8tY2OSdrPCGun33ViTeTAgX5gqhaN5yPLUUe34AlEqfGI7b7wsOqg-0NzTSxoaOa5qF7baBsPQ==,gAAAAABqhp8-2PzFE31mc051_BtSZfhPcgwesrKg87c5N0BzTAaXPSJJh5HDeccfSKANBT1lEIBSeH2-1qVNmzKGyqjpAXUbOg==,gAAAAABqhp8-eD6Q92kndo7UpTNqzTcBQ1MJ9yzE9JMVzM_drczTwtzgztKhxcx8yCB2o1Ds3zg4E8O4ODPZHxEbdd7eCSFoqw==,gAAAAABqhp8-sYBMbUcv74GaNsxVUl67nir6bUD2ZRbvIZM4DXDE4_FY05cBwvmm84WopCFU7WkeilBp-IpB6bos6El9yBOowQ==,gAAAAABqhp8-qAEjwDom-AwRuzPjTj8IfOKJF_BjhfbCYWtqshzUIQiu7rVR1cWzLBwaPvhe2pDECyYB8PPpSADn8mb1EatRUg==
